interest,category_id
Abelian groups,67
abiogenesis,55
ablation cooling,34
ablation,34
ablation sensors (design and techniques),35
ablation sensors (spacecraft),19
ablative materials (composite),24
ablative materials (nonmetallic),27
absorption of radiation by atoms,72
accelerated life testing,38
"acceleration effects (biological, animal and plant)",51
"acceleration effects (biological, human)",52
accelerators (aerospace),14
accelerometers,35
acceptors (solid state),76
accidents and emergencies (aircraft),3
accidents and emergencies (spacecraft),16
acoustic scattering,71
acoustic theory,71
acoustics (general),71
acoustoelasticity,39
activation analysis,72
active communication satellite,18
active satellite stabilization,18
adaptive control theory,63
adhesive joints (structural stability),39
adhesives,27
administration,81
administrative planning,81
aerial photography,43
aeroacoustics,71
aerobraking,13
aerodynamic derivatives,2
aerodynamic flow fields,2
aerodynamic heating,2
aerodynamic noise (airframe generated),2
aerodynamic noise (general),71
aerodynamic noise (propulsion systems),7
aerodynamic studies of skin friction,2
aerodynamic wakes,2
aerodynamics of protuberances and substructures,2
aeroelasticity (property),5
aeroelasticity (structural flexibility),39
aeroelasticity (theory),2
aeronautical history,99
aeronautics,1
aeronomy,46
aerosols (atmospheric physics ),46
aerosols (pollution aspects),45
aerospace agreements,84
aerospace medicine,52
aerospike engines,20
aerothermodynamics,2
afterburner controls,7
afterburners (aircraft engines),7
air cushion vehicle aerodynamics,2
air cushion vehicles,85
air flow separation,2
air glow,46
air launched vehicles,15
air launched weapons (aerodynamics),2
air launched weapons (stability),8
air navigation,4
air piracy (incident or safety aspects),3
air piracy (legal aspects),84
air pollution,45
air safety,3
air traffic control,4
air transport regulations,84
air transportation,3
airborne computers,6
airborne radar displays,6
airbreathing engines (aircraft),7
airbreathing engines (non-aircraft),37
aircraft accidents,3
aircraft aerodynamics,2
aircraft aging (safety),3
aircraft command and control,4
aircraft communications,4
aircraft components,5
aircraft configurations,5
aircraft control computer systems,6
aircraft control,8
aircraft descriptions (types/names/designations),5
aircraft design,5
aircraft development,5
aircraft ditching,3
aircraft durability,3
aircraft emergencies,3
aircraft engine design,7
aircraft engine maintenance,7
aircraft engine performance,7
aircraft engine simulation,7
aircraft engine testing,7
aircraft engines,7
aircraft evaluation,5
aircraft flight tests,5
aircraft fuel systems,7
aircraft fuels,28
aircraft ground handling equipment,9
aircraft health management,3
aircraft hydraulic systems (power),7
aircraft in-flight collision,3
aircraft instrumentation,6
aircraft licensing,3
aircraft maintenance,1
aircraft manufacturing,1
aircraft near miss,3
aircraft operating problems,3
aircraft performance,5
aircraft pneumatic systems (power),7
aircraft power systems,7
aircraft production economic,83
aircraft production,1
aircraft propellers,7
aircraft propulsion system components,7
aircraft propulsion systems,7
aircraft repair,1
aircraft safety,3
aircraft search and rescue operations,3
aircraft servicing equipment,9
aircraft simulation,5
aircraft stability,8
aircraft structures,5
aircraft systems monitoring instruments,6
aircraft testing,5
aircraft tracking,4
aircraft trim,8
aircrew licensing,3
aircrew training,3
airfoil aerodynamics,2
airline economics,83
airport access,9
airport lighting,9
airport noise,3
airport operations,3
airport planning,9
airport security,3
airports and airways,9
air-sea interactions,48
air-sea navigation,4
airship aerodynamics,2
airship performance,5
airspace management,4
airspeed indicators,6
airworthiness,3
alarm systems (aircraft),6
alarm systems (design and techniques),35
alarm systems (spacecraft),19
algebraic systems,67
algorithms (computer operations),61
algorithms (mathematics),64
alkali metal vapors,25
all weather global position determination,4
alloy formation (space processing),29
alloys,26
alpha rays (solar),92
alpha rays (space),93
alpha rays (theory),73
alternative energy sources,44
altimeters (aircraft),6
altimeters (spacecraft),19
"altitude effects (biological, animal and plant)",51
"altitude effects (biological, human)",52
altitude test facilities,9
amino acid analysis (extraterrestrial),55
amplifiers,33
anabatic winds,47
analog computers,60
analysis of variance,65
analytical chemistry,25
analyzing devices (aircraft),6
analyzing devices (design and techniques),35
analyzing devices (spacecraft),19
anemometers (applications),47
anemometers (design and techniques),35
animal biology,51
animal models,51
annihilation reactions,77
anodizing,26
antenna design,32
antenna radiation patterns,32
antenna theory,32
anthropometry,52
anticollision devices,6
antigravity,70
antimatter,77
antiparticles,77
applied mechanics,31
approach control (aircraft),4
appropriations hearings (NASA),99
approximation,64
architecture (computers),60
arcjet rocket engines,20
artificial intelligence,63
artificial satellites,18
assembly buildings,14
asteroid belt,89
asteroids (characteristics and composition),91
asteroids (observation),89
astrionics,19
astroballistics,13
astrobiology,55
astrochemistry,90
astrodynamics,13
astrometry,89
astronaut health (physical),52
astronaut health (psychological),53
astronaut selection,53
astronaut training facilities,14
astronautical history,99
astronautics,12
astronavigation,17
astronomical instruments,89
astronomical observatory satellites,18
astronomy,89
astrophysics,90
atmospheric analysis (pollution),45
atmospheric boundary layer (climatology),47
atmospheric boundary layers (atmospheric physics),46
atmospheric circulation (atmospheric physics),46
atmospheric circulation (meteorology),47
atmospheric cloud physics,47
atmospheric density,46
atmospheric electricity,46
atmospheric energy exchanges,47
atmospheric entry effects,13
atmospheric interactions,47
atmospheric optics,46
atmospheric physics,46
atmospheric pollution,45
"atmospheric pressure effects (biological, animal and plant)",51
atmospheric pressure effects (human),52
atmospheric radiation,46
atmospheric sampling (pollution),45
atmospheric scattering,46
atmospheric structure,46
atmospheric studies (meteorological),47
atmospheric studies (physical processes),46
atmospheric turbulence,47
atmospherics,46
atomic beam measurements,72
atomic clocks (design and techniques),35
atomic collisions,72
atomic electron properties,72
atomic energy levels,72
atomic frequency standards,72
atomic fuels (space applications),72
atomic nuclei,72
atomic physics,72
atomic reactions,72
atomic spectra,72
atomic structure,72
atomizers,34
attitude control (aircraft),8
attitude control (spacecraft),18
attitude indicators (aircraft),6
attitude indicators (design and techniques),35
attitude indicators (spacecraft),19
attitude thrusters,20
audio amplifiers,33
aurora,46
autogyro aerodynamics,2
automata theory,63
automatic control,63
automatic data processors (ADP),60
automatic picture transmission (APT) ground stations,14
automatic picture transmission (APT),17
automatic pilots (aircraft),8
automatic pilots (spacecraft),18
auxiliary power systems (aircraft),7
auxiliary power systems (spacecraft),20
auxiliary power units (APU) (aircraft),7
auxiliary power units (APU) (spacecraft),20
auxiliary systems (mechanical),37
aviation psychology,53
avionics,6
baggage handling (aircraft),3
ballistic trajectories,13
balloon aerodynamics,2
Banach spaces,67
band structure of solids,76
barometric pressure,47
baryons,77
batteries (electrical design),33
Bayesian statistics,65
beams (structures),39
bearings,37
behavioral sciences,53
bending,39
beta rays (solar),92
beta rays (space),93
beta rays (theory),73
binaries (astrophysics),90
binaries (observation),89
bioastronautics,52
biochemical detection of life,55
biochemistry,51
bioelectronic instruments (aerospace medicine),52
"bioelectronic instruments (applications, animal and plant)",51
bioelectronic instruments (spacecraft),19
bioelectronic instruments (theory and techniques),35
bioengineering (aerospace medicine),52
bioengineering (general),51
bioengineering (man-machine systems),54
"biographies of astronauts, aviation pioneers, pilots, and scientists",99
bioinstrumentation (extraterrestrial life),55
bioinstrumentation (physiological monitoring),54
bioinstrumentation (theory and techniques),35
biological evolution (terrestrial),51
biological materials (space processing),29
biological oceanography,48
biology (extraterrestrial),55
biology (general),51
biomarkers (exobiology),55
biomedical instruments (aerospace medicine),52
biomedical instruments (spacecraft),19
biomedical instruments (theory and techniques),35
bionics,54
biosphere (oceanography),48
biosphere (physical processes),46
biosphere (pollution aspects),45
bird collision (air transportation and safety),3
bird ingestion (air transportation and safety),3
bird ingestion (aircraft engines),7
black holes (astrophysics),90
black holes (observation),89
blind flying instruments,6
block houses,14
body-tail combinations (aircraft design),5
body-tail combinations (stability and control),8
boiling,34
boiloff,28
bolted joints,39
Boltzmann statistics,77
Boltzmann transport theory,34
bonded structures,39
bonding,37
bone mass,52
Boolean algebra,67
boosters (launch vehicles),15
boosters (spacecraft),20
boron fiber materials,24
boron-based fuels,28
Bose and Fermi statistics,77
bosons,77
botany,51
boundary layer aerodynamics,2
boundary layer flow (aerodynamics),2
boundary layer flow (general),34
boundary value problems,64
Bragg cells (design and techniques),35
Bragg cells (optical applications),74
Brayton cycle turbines (applications),44
Brayton cycle turbines (mechanical engineering),37
brazing,37
bridge circuits,33
Brownian movement,70
buckling,39
budgeting (management),81
buffeting,2
burning rates,28
bypass jet engines,7
cabin display devices (spacecraft),19
cabin pressurization (aircraft),5
cabin pressurization (life support),54
cabin pressurization (spacecraft),18
CAD (computer aided design),61
calculus,64
CAM (computer aided manufacturing),61
cameras,35
cams,37
canard aerodynamics,2
capacitors,33
capture devices (spacecraft),18
carbon fiber materials,24
carbon nanotubes (synthesis and properties),27
carburetors (aircraft engines),7
cardiac physiology (human),52
cargo air transport operations,3
cargo handling (aircraft),3
cargo handling (spacecraft),16
cargo transportation (aircraft),3
cargo transportation (spacecraft),16
cartography,43
cascade aerodynamics,2
Cassegrain optics,74
catabatic winds (also katabatic),47
catalysts (chemical),25
catalysts (propellants),28
cathode ray tubes (aircraft systems),6
cathode ray tubes (electrical design),33
cathode ray tubes (spacecraft systems),19
cavitation,34
celestial bodies (observation),89
celestial body orbits,90
celestial body physical properties,90
celestial body trajectories,90
celestial mechanics,90
celestial motion (observation),89
celestial navigation (aircraft),4
celestial navigation (spacecraft),17
cements,27
central processing unit (CPU),60
centrifugal compressors (aircraft),7
centrifugal compressors (non-aircraft),37
centrifugal motion effects,52
centrifugal pumps,37
ceramic engines,37
ceramic materials,27
ceramic matrix composites,24
cermets,26
chaos,70
charge-coupled devices,33
checkout facilities (aircraft),9
checkout facilities (space),14
checkout systems (aircraft),9
checkout systems (space),14
chemical analysis,25
chemical analysis techniques,23
chemical energy conversion devices,44
chemical engineering,25
chemical evolution,55
chemical lasers,36
chemical manufacturing,23
chemical power sources (spacecraft),20
chemical processing (general),23
chemical properties of alloys,26
chemical properties of metals,26
chemical properties of nonmetallic materials,27
chemical properties of propellants and fuels,28
chemical propulsion engines (aircraft),7
chemical propulsion engines (spacecraft),20
chemiluminescence,25
chemistry (general),23
chemistry of compounds,25
chemistry of elements,25
chips (integrated circuits),33
chlorophyll concentration,48
"chokes (electric, electronic)",33
chromatography (application),25
chromosphere (solar),92
chronobiology (animal and plant),51
circadian rhythm (animal and plant),51
circadian rhythm (human),52
circuit simulation (integrated circuits),33
circuit theory,33
cis-lunar space environment,91
civil aeronautical law,84
civil engineering,31
cladding,37
clean rooms (aircraft manufacturing and test facilities),9
clean rooms (general),38
clean rooms (space),14
cleaners,27
clear air turbulence (aircraft safety),3
clear air turbulence (meteorology),47
climate change,47
climate models,47
climate prediction,47
climate variability,47
climatology,47
clinical chemistry,52
closed ecological systems,54
cloud computing,62
cloud cover analysis,47
cloud patterns,47
cloud seeding,47
clouds (meteorology),47
clustered rockets,20
clutches,37
coatings,37
cockpit display devices,6
cockpit voice recorders (aircraft),6
coding techniques (computer programming),61
coherent light,74
collision avoidance (aircraft control),4
collision avoidance (aircraft safety),3
collision avoidance (spacecraft),17
collocation methods,64
columns,39
combinations of launch vehicles and space vehicles,15
combined loads,39
combustion chambers (spacecraft),20
combustion characteristics (propellants and fuels),28
combustion chemistry,25
combustion controllability (propellants and fuels),28
combustion in microgravity (propellants and fuels),28
combustion instability (propellants and fuels),28
combustion kinetics,25
combustion kinetics (propellants and fuels),28
combustion of propellants and fuels,28
combustion physics,25
combustion processes,25
combustion products,28
combustion theory,25
combustors (aircraft),7
combustors (spacecraft),20
comet exploration,91
comets (characteristics and composition),91
comets (observation),89
command and control of spacecraft,17
commercial launch vehicles,15
commercial pollution,45
commercial spaceflight (operations),16
commercial spaceflight (regulation),84
communication satellites,18
communications blackouts (electromagnetic interference),32
communications blackouts (reentry),17
communications coding,32
communications computer systems,62
communications equipment,32
communications (general),32
communications interference,32
communications networks (aircraft),4
communications networks (space),17
communications networks (theory and techniques),32
communications noise,32
communications satellite operational problems,32
communications system (aircraft),4
communications systems (space),17
communications systems (theory and techniques),32
communications techniques,32
communications theory,32
compasses,6
compilers (software),61
composite material formation (space processing),29
composite materials,24
compressible flow (aerodynamics),2
compressible flow (general),34
compression ignition engines (aircraft),7
compression ignition engines (non-aircraft),37
compression loads,39
compression,39
compression strength (metallic materials),26
compression strength (nonmetallic materials),27
compression strength (structural),39
compressors (aircraft engines),7
computational fluid dynamics,34
computational grids,64
computer aided design (CAD),61
computer aided manufacturing (CAM) (Engineering),31
computer aided manufacturing (CAM),61
computer architecture,61
computer buffers,60
computer display devices,60
computer graphics (hardware),60
computer graphics (software),61
computer hardware design,60
computer hardware,60
computer interfacing equipment,60
computer manufacturing,60
computer memory devices,60
computer networks,62
computer operations,60
computer peripheral equipment,60
computer printers,60
computer processing of Earth resources data,43
computer programming,61
computer routines,61
computer sciences (general),59
computer software,61
computer storage devices,60
computer storage techniques,60
computer systems engineering,62
computer systems,62
computer time sharing,62
computer vision,63
computerized simulation (general),61
computers (hardware),60
condensed matter physics,76
conductivity (solid state),76
cones (structures),39
"confinement (effects, human)",52
"confinement (psychological effects, human)",53
congressional legislation,84
Consol/Consolan navigation system,4
containerless processing,29
containers,37
contamination control,45
continental drift,46
contract procurement,81
contract supervision,81
control effectiveness (aircraft),8
control effectiveness (spacecraft),18
control position indicators (aircraft),6
control position indicators (spacecraft),19
control surface aerodynamics,2
control surface interactions (aircraft),8
control systems design,63
control systems design (spacecraft),18
control theory,63
control towers,9
convection,34
convergence (mathematics),64
converters,33
cooling systems (aircraft engines),7
copyright regulations,82
Coriolis forces (aerodynamics),2
Coriolis forces (meteorology),47
"Coriolis forces (physiological effects, human)",52
coronagraphs,35
coronal mass ejections (solar),92
corrosion,26
cosmic dust,90
cosmic noise,90
cosmic radiation,93
cosmology,90
cost analysis,83
cost effectiveness studies,83
countdown,15
crack propagation,39
cracks,39
crash test facilities,9
crashworthiness (aircraft),3
craters (Earth),42
craters (extraterrestrial),91
creep strength (metallic materials),26
creep strength (nonmetallic materials),27
crew evaluation,53
crew training,53
critical field curves of superconducting materials,76
critical path method,81
critical temperatures of superconducting materials,76
crop disease detection,43
crop forecasts,43
cryogenic propellants,28
cryogenics,31
crystal defects,76
crystal growth (general),76
crystal growth (space processing),29
crystal structure (metallic materials),26
crystal structure (nonmetallic materials),27
crystal structure (semiconductors),76
crystallography,76
crystals (electronic applications),33
crystals (metallic),26
crystals (nonmetallic),27
"culturing, cell (exobiology)",55
cybernetics,63
cyclones,47
cylinders (structures),39
dark energy,90
dark matter,90
darkroom equipment,35
data acquisition programs,61
data compilation systems,62
data input devices,60
data management systems,62
data processing,60
data processing systems,62
data sampling,65
data smoothing,65
data transmission applications,32
data transmission development,32
data transmission equipment,32
data transmission research,32
data transmission techniques,32
databases,82
debugging programs,61
Decca navigation system,4
deceleration effects (human),52
decision making,81
decision theory,66
decomposition (propellants and fuels),28
decompression sickness,52
deep space instrumentation facilities,14
Deep Space Network,17
deicing systems (aircraft),5
depressurization systems (aircraft),5
depressurization systems (spacecraft),18
desertification,43
"design of launch vehicles, tanks, components, systems",15
detecting devices (aircraft),6
detecting devices (spacecraft),19
detectors,35
detonation processes,25
development facilities (aircraft),9
development facilities (space),14
development of alloys,26
development of nonmetallic materials,27
development of propellants and fuels,28
diagnostic procedures (software),61
dielectric materials properties,76
dielectrics (electronic application),33
dies,37
diesel engines (aircraft),7
diesel engines (non-aircraft),37
diets (space missions),54
difference equations,64
differential equations,64
differential geometry,67
differentiation (mathematics),64
diffusers (aircraft engines),7
digital communications systems (aircraft),4
digital communications systems (spacecraft),17
digital communications systems (theory and techniques),32
digital computers,60
digital storage devices,60
digital storage techniques,60
diodes,33
discovery of celestial bodies,89
display devices (aircraft),6
display devices (spacecraft),19
display engineering,31
distributed data processing,62
"diurnal effects (biological, animal and plant)",51
diurnal effects (human),52
diurnal effects (meteorology),47
dividers (electric),33
docking (spacecraft),18
document markup languages (computer programming),61
document markup languages (information transfer),82
document miniaturization,82
document processing,82
documentation,82
donors (solid state),76
Doppler effect (acoustics),71
Doppler navigation systems,4
drag reduction (effects and techniques),2
drives,37
dutch roll,8
dwarf planets,91
dye lasers,36
dynamic oceanography,48
dynamic programming,66
dynamic stability (aircraft),8
dynamic stability (spacecraft),18
dynamic structural analysis,39
dynamics (physics),70
dysbarism,52
Earth analogs,91
Earth magnetic field,46
Earth origins,46
Earth resources,43
Earth sciences,42
Earth sensors,35
Earth structure,46
Earth-reflected radiation,46
economic impacts,83
economics,83
educational curricula,80
educational programs,80
effects of atmospheric flight (human),52
effects of radiation (human),52
"effects of radiation (psychological, human)",53
effects of space flight (human),52
effects of stress (human),52
"effects of stress (psychological, human)",53
eigenvalues/eigenvectors,64
ejection systems and seats (air transportation and safety),3
ejection systems and seats (design),5
ejectors (aircraft),7
ejectors (spacecraft),20
el Nino,47
elasticity,39
elastomers,27
electric batteries (applications),44
electric circuits,33
electric energy conversion devices,44
electric filters,33
electric motors,33
electric power systems (aircraft),7
electric power systems (spacecraft),20
electric power units (aircraft),7
electric power units (electrical design),33
electric power units (spacecraft),20
electric propulsion systems (aircraft),7
electric propulsion systems (spacecraft),20
electric rocket engines,20
electric vehicles,85
electrical components,33
electrical engineering,33
electrical relays,33
electrical transport properties in solids,76
electrochemical processes,25
electrochemistry,25
electrodeposition,37
electrogasdynamics,75
electrohydrodynamics,75
electromagnetic devices,4
"electromagnetic field effects (biological, animal and plant)",51
"electromagnetic field effects (physiological, human)",52
electromagnetic interference,32
electromagnetic launchers (facilities),14
electromagnetic launchers (operations),15
electromagnetic propulsion (spacecraft),20
electromagnetic radiation (communications),32
electromagnetic radiation (theory),70
electromagnetic wave propagation,32
electromagnetism,70
electromechanics,33
electron beam devices,33
electron beam welding,37
electron beams,73
electron collisions,72
electron density (plasma physics),75
electron energy bands,76
electron microscopes,35
electron motion in conductors,76
electron optics theory,74
electron paramagnetic resonance (solid state),76
electron scattering,72
electron tubes,33
electronic circuits,33
electronic components,33
electronic countermeasures,32
electronic packaging,33
electronic test equipment,33
electronics,33
electro-optical systems (instrumentation),35
electrophoresis operations in space (EOS),29
electrophoresis,25
electroplating,37
electrostatic rocket engines,20
electrostatics,70
electrothermal rocket engines,20
elementary particle interactions,77
elementary particles,77
emergency locater transmitters,3
emission of radiation by atoms,72
emissivity measurements,35
energy absorption (structures),39
energy exchanges in the atmosphere,47
energy gaps in semiconductors,76
energy management technology,44
energy,39
energy production,44
energy storage,44
engine control systems (aircraft),7
engine fuel quantity gages,6
engine ingestion,7
engine noise (aircraft),7
engine noise suppressors (aircraft),7
engine oil pressure gages,6
engine oil temperature gages,6
engine propulsion system instruments and gages,6
engine RPM indicators,6
engine test blocks (space),14
engine test stands (aircraft),9
engine test stands (space),14
engineering (general),31
enthalpy,34
entropy,34
environmental clean up,45
"environmental effects (biological, animal and plant)",51
environmental effects (human),52
environmental engineering,45
environmental modifications,45
environmental monitoring,45
environmental pollution,45
environmental surveys,45
environmental test facilities,38
environmental testing,38
enzyme analysis (extraterrestrial),55
ephemerides of celestial bodies,89
epitaxy,76
epoxy matrix composites,24
equations of state,34
error analysis (statistics),65
error correction codes,61
escape systems (aircraft),3
escape systems (spacecraft),16
estivation,51
eutectics,26
eutectoids,26
evaluation of alloys,26
evaluation of metals,26
evaluation of nonmetallic materials,27
evaluation of propellants and fuels,28
exercise,52
exhaust emissions (pollution),45
exhaust systems (aircraft engines),7
exit aerodynamics,2
exit controls (aircraft engines),7
exobiology,55
exotic propellants and fuels,28
expandable structures (aircraft),5
expandable structures (spacecraft),18
expansion of the universe,90
expert systems,63
explosions (aircraft),3
explosions (spacecraft),16
explosives,28
extrasolar planets (observation),89
extraterrestrial bases,14
extraterrestrial biochemistry,55
extraterrestrial biology,55
extraterrestrial environment effect (exobiology),55
extraterrestrial life,55
extraterrestrial roving vehicles,91
extraterrestrial water,55
extravehicular activity (EVA) (equipment),54
extravehicular activity (EVA) (operations),16
extravehicular activity (physiological effects),52
extreme temperature effects (exobiology),55
fabrics (nonmetallic materials),27
fail safety systems (aircraft),3
failure rates,38
fan jet engines,7
farming in space (general),51
farming in space (life support),54
fasteners,37
fatigue (composite materials),24
fatigue (metallic materials),26
fatigue (nonmetallic materials),27
"fatigue (physiological, human)",52
"fatigue (psychological, human)",53
fatigue (structural),39
fault detection (geological),46
fault detection (quality control),38
fault tolerant software,61
federal aviation laws,84
feed forward control,63
feedback control,63
fermions,77
ferrites,26
ferrofluids,27
ferromagnetic resonance,25
ferromagnetism,70
Feynman diagrams,77
fiber composites,24
fiber optics,74
fiber-matrix interfaces,24
fibers (metallic materials),26
fibers (nonmetallic materials),27
field effect transistors (FET),33
field programmable gate arrays,33
field theory (mathematics),67
field theory (physics),70
filament materials,24
filament wound structures (composite materials),24
filament wound structures (design and tests),39
filament-matrix materials,24
film strength,27
filter theory (control),63
"filters (electric, electronic)",33
filters (mechanical),37
filters (photographic),35
finite difference methods,64
finite element methods,64
finite volume methods,64
fins (aircraft),5
fins (spacecraft),18
fire (aircraft),3
fire control radar,6
fire prevention,31
fire (spacecraft),16
fire warning systems,6
firmware,60
fittings,37
fixtures,37
flame studies,25
flames and flame propagation (propellants and fuels),28
flammability (composite materials),24
flammability (metallic materials),26
flammability (nonmetallic materials),27
flammability,25
flash memory devices,60
flight computer software,61
flight control (aircraft),8
flight control computer systems,6
flight control (spacecraft),18
flight dynamics (aircraft),8
flight dynamics (spacecraft),18
flight hazards (aircraft),3
flight instruments (aircraft),6
flight instruments (spacecraft),19
flight management systems,8
flight path control (aircraft),8
flight path control (spacecraft),18
flight recorders (aircraft),6
flight recorders (spacecraft),19
flight safety (aircraft),3
flight safety (spacecraft),16
flight simulators (aircrew training and aircraft development),9
flight simulators (space),14
flight suits,54
flotation devices,3
flow characteristics,34
flow equations,34
flow (general),34
flow measurement,34
flow visualization (general applications),34
flow visualization (instrumentation),35
flow with heat addition,34
fluerics,34
fluid dynamics,34
fluid flow,34
fluid flow sensors (aircraft),6
fluid flow sensors (general),35
fluid flow sensors (spacecraft),19
fluid forces,34
fluid heat transfer,34
fluid kinematics,34
fluid mechanics,34
fluidics,34
fluids behavior (space processing),29
fluorescence,72
fluorine/oxygen propellants,28
flutter (aircraft),8
flutter (spacecraft),18
flutter (structural),39
flyby missions,91
fly-by-light control (FBL),8
fly-by-wire control (FBW),8
flying qualities (aircraft),8
flying qualities (spacecraft),18
flying training,53
flywheels,37
foam materials,27
fog dissipation and formation,47
foliage sensing,43
food preparation (space missions),54
food (space missions),54
food storage (space missions),54
foreign object damage (FOD),3
foreign object ingestion (air transportation and safety),3
foreign object ingestion (aircraft engines),7
forest fire detection,43
formalism (computer programming),61
formation flying (satellites),18
fourier analysis,64
fractals,67
fracture mechanics,39
free energy,34
free flyers (spacecraft),18
free-flight trajectories,13
frequency assignment,32
fresh water sources,85
friction measurement,37
friction phenomena,37
friction stir welding,37
friction welding,37
fronts (meteorology),47
fuel cells,44
fuel distribution pumps (aircraft),7
fuel distribution pumps (spacecraft),20
fuel distribution systems (aircraft),7
fuel distribution systems (spacecraft),20
fuel injection systems (aircraft),7
fuel injection systems (spacecraft),20
fuel system components (aircraft),7
fuel system components (spacecraft),20
fuel systems (aircraft),7
fuel systems (spacecraft),20
fuel tanks (aircraft),7
fuel tanks (spacecraft),20
fuels,28
functional analysis,67
fuselages,5
fuses (electric),33
fusion devices,75
fuzzy sets,67
gages (general),35
galactic evolution,90
galactic radiation,93
galactic structure,90
galaxies (astrophysics),90
galaxies (observation),89
galaxy clusters,90
Galerkin method,64
game theory,66
gamma rays (space),93
gamma rays (theory),73
gamma-ray astronomy,89
gas absorption,25
gas dynamics,34
gas flow,34
gas forces,34
gas giant planets,91
gas heat transfer,34
gas lasers,36
gas mechanics,34
gas turbine engines (aircraft),7
gaseous film cooling,34
gaseous reactions,25
gaskets,37
gasoline engines (aircraft),7
gasoline engines (non-aircraft),37
gas-solid reactions,25
gas-surface interactions,25
gas-surface reactions,25
gauge field theory,77
gears,37
gelled propellants and fuels,28
general circulation models (atmosphere),46
general circulation models (ocean),48
generators (applications),44
generators (electrical design),33
genetics (animal and plant),51
genetics (human),52
geochemistry,46
geodesy (physics),46
geodesy (remote sensing),43
geographical information systems,82
geological exploration,43
geological survey,43
geological surveys,46
geology (Earth structure),46
geology (general),42
geomagnetism,46
geometrical optics,74
geometry,67
geomorphology,46
geophysical energy conversion devices,44
geophysical satellites,18
geophysical sensors (applications),46
geophysical sensors (design and techniques),35
geophysics,46
geosciences,42
geothermal resources,43
glaciology,46
glass fiber reinforced plastics,24
glass formation (space processing),29
glass lasers,36
glass materials,27
glider aerodynamics,2
"gliders (sailplanes, hang gliders)",5
global communications,32
global meteorology,47
global position system (surface navigation),85
global positioning systems (aircraft),4
global positioning systems (spacecraft),17
global warming,47
glues,27
government/industry relationships,84
graph theory,67
graphic arts,82
graphite,27
gravitational anomalies (terrestrial),46
gravitational collapse (astrophysics),90
"gravitational effects (biological, animal and plant)",51
"gravitational effects (biological, human)",52
gravitational effects (exobiology),55
gravitational effects (orbital effects on launch vehicles and spacecraft),13
gravitational theory (astrophysics),90
gravitational theory (terrestrial),46
gravitational waves (astrophysics),90
gravitational waves (terrestrial),46
gravity simulators,14
greases,27
greenhouse effect (atmospheric physics),46
greenhouse effect (pollution aspects),45
grid refinement (mathematics),64
grinding,37
ground based and space based radar for air navigation,4
ground based data acquisition stations,17
ground based data acquisition systems,17
ground based tracking stations,17
ground based tracking systems,17
ground control approach (GCA) systems,4
ground effect machine aerodynamics,2
ground effect machines,85
ground support equipment (aircraft),9
ground support equipment (space),14
ground support facilities (aircraft),9
ground support facilities (space),14
ground support systems (aircraft),9
ground support systems (space),14
ground support vehicles (aircraft),9
ground support vehicles (space),14
ground truth,43
group behavior,53
group theory,67
guidance system design (aircraft),4
guidance system design (spacecraft),17
gyroscopes (aircraft),6
gyroscopes (design and operation),35
gyroscopes (spacecraft),19
Hamiltonian functions,67
handling of propellants and fuels,28
handling qualities (aircraft),8
handling qualities (spacecraft),18
hangar facilities,9
harmonic analysis (mathematics),64
heads-up displays (aircraft),6
heads-up displays (spacecraft),19
heat exchangers (aerospace applications),34
heat pipes (aerospace applications),34
heat pumps,37
heat shields (aerospace applications),34
heat sinks (aerospace applications),34
heat transfer,34
heat treatment of metals,26
"heating, ventilation, and air conditioning (HVAC)",37
helicopter aerodynamics,2
helicopter design,5
helicopter ground resonance,5
helicopter performance,5
helicopter rotor dynamics,5
heliophysics,92
heliosphere,92
helmets,54
hibernation,51
high energy physics,77
high energy propellants and fuels,28
high speed aerodynamics,2
high temperature effects (human),52
high temperature test facilities (aircraft),9
high temperature test facilities (space),14
Highly Maneuverable Aircraft Technology (HiMAT),5
Hilbert spaces,67
histories of aeronautics and space programs,99
holes (electron deficiencies),76
holography,35
honeycomb materials,24
honeycomb structures,39
horizon sensors (aircraft),6
horizon sensors (spacecraft),19
hovercraft aerodynamics,2
Hubble telescope,89
human behavior,53
human factors engineering,54
human productivity in space,54
hurricanes,47
hybrid computers,60
hybrid energy conversion devices,44
hybrid propellant rocket engines,20
hybrid propellants and fuels,28
hybrid vehicles,85
hydraulic fluids,27
hydraulic system (aircraft),5
hydraulic systems (general),37
hydraulic systems (spacecraft),18
hydraulics,34
hydrazine propellants,28
hydrides,28
hydrodynamics,34
hydrofoil vehicles,85
hydrogels,27
hydrogen embrittlement,26
hydrogen propellants and fuels,28
hydrology,43
hydromagnetics (astrophysics),90
hydromagnetics (plasma physics),75
hydrosphere studies,46
hydrostatics,34
hypergolic propellants,28
hypersonic aerodynamics,2
hypoxia (human),52
ice cover (climatology),47
ice crystals (meteorology),47
icing (aircraft),3
identification of celestial bodies,89
igniters (propellants),28
igniters (rocket engines),20
ignition studies,25
ignition studies (propellants and fuels),28
image enhancement,35
immunology,51
immunosuppression,51
impact phenomena,37
impact testing,37
incompressible flow,34
indoor air pollution,45
induction heating,34
inductors (electric),33
industrial pollution,45
industrial process control,31
industrial safety procedures,31
inertial navigation systems (aircraft),4
inertial navigation systems (spacecraft),17
inertial sensors and measurement units (aircraft),4
inertial sensors and measurement units (spacecraft),17
inflatable structures (aircraft),5
inflatable structures (spacecraft),18
in-flight simulation (aircraft),5
information retrieval,82
information science,82
information storage,82
information systems,82
information technology (general),59
information theory,63
infrared astronomy,89
infrared gas analysis,25
infrared imagery (remote sensing),43
infrared optics,74
infrared radiation effects (optical applications),74
infrared sensors (aircraft),6
infrared sensors,35
infrared sensors (spacecraft),19
infrared signatures (earth resources),43
infrared signatures (optical applications),74
infrared spectra,74
infrared spectrometry (atmosphere),46
infrared telescopes,89
injection systems (aircraft engines),7
inlet aerodynamics,2
inlet controls (aircraft engines),7
inlets (aircraft),7
inlets (spacecraft),18
inner Earth radiation belts,93
"in-orbit maintenance, servicing and refueling",12
inorganic chemistry,25
input devices,60
inspection (aircraft safety),3
inspection methods,38
inspection,38
instrument arrangement (aircraft),6
instrument arrangement (spacecraft),19
instrument design (aircraft),6
instrument design (spacecraft),19
instrument design (theory and techniques),35
instrument displays (aircraft),6
instrument displays (spacecraft),19
instrument installation (aircraft),6
instrument installation (spacecraft),19
instrument landing systems (ILS),6
instrument navigation systems,4
instrument pointing systems (IPS),19
instrumentation,35
insulation (composite materials),24
"insulation (electric, electronic)",33
insulation (nonmetallic materials),27
insurance (aerospace),83
integral equations,64
integrated circuits,33
interferometers,35
intergalactic dust,90
intergalactic gases,90
intergalactic matter,90
intergalactic radiation,93
intermetallics,26
intermolecular forces,72
internal combustion engines (aircraft),7
internal combustion engines (non-aircraft),37
internal flow in ducts (applications),34
internal flow in turbomachinery (applications),34
internal flow in turbomachinery (theory),2
international cooperation,84
international law,84
International Space Station (design),18
internet resources,82
internets,62
interplanetary dust,90
interplanetary gases,90
interplanetary matter,90
interplanetary shock waves,90
interplanetary trajectories,13
interpreters (software),61
interstellar dust,90
interstellar gases,90
interstellar matter,90
interstellar radiation,93
inverters,33
inviscid flow,34
ion beams (nuclear interactions),73
ion beams (plasma physics),75
ion beams (theory),72
ion dynamics,72
ion engines,20
ion exchange,72
ion mass spectrometers,35
ion propulsion,20
ion rocket engines,20
ionosphere (Earth),46
ionospheric effects on radio transmission (aircraft),4
ionospheric effects on radio transmission (communications),32
ionospheric electron density,46
ionospheric physics,46
ionospheric plasmas,46
ionospheric propagation (communications),32
ionospheric scatter (communications),32
ionospheric scintillation,46
"isolation effects (psychological, human)",53
iteration,64
jet engine fuels,28
jet engines,7
jet streams (meteorology),47
joining,37
JWST (James Webb Space Telescope),89
Kalman filters,33
kaons,77
katabatic winds (also catabatic),47
kerosene based fuels,28
kinetics,70
klystrons,33
knowledge based systems,63
knowledge management,81
knowledge representation,63
la Nina,47
ladar (application),32
ladar (design),36
laminar flow (aerodynamics),2
laminar flow (general),34
laminates,24
land transportation vehicles (aerodynamics),2
land transportation vehicles (development and technology),85
landing gear (aircraft),5
landing gear position indicators (aircraft),6
landing gear position indicators (spacecraft),19
landing gear (spacecraft),18
LANDSAT (configurations),18
LANDSAT (remote sensing applications),43
language translation,82
large deployable space antennas,32
Large Space Telescope,89
laser altimeters (aircraft),6
laser altimeters (spacecraft),19
laser amplifiers,36
laser Applications,36
laser beams,36
laser cavities,36
laser communications,32
laser communications systems (aircraft),4
laser communications systems (spacecraft),17
laser damage,36
laser Doppler velocimeters,35
laser drilling (theory and techniques),36
laser instruments (aircraft),6
laser instruments (design and operation),35
laser instruments (spacecraft),19
laser interaction with plasmas,75
laser materials,36
laser modulators,36
laser optical radar,32
laser optics,36
laser propulsion,20
laser radiation effects,36
laser radiation hazards,36
laser range finder facilities,14
laser research,36
laser space communications facilities,14
laser theory,36
laser tracking systems (aircraft),4
laser tracking systems (general),36
laser tracking systems (spacecraft),17
laser welding,37
lasers,36
lasertrons,36
lateral control (aircraft),8
lateral control (spacecraft),18
lateral stability (aircraft),8
lateral stability (spacecraft),18
lattice vibrations,76
launch complexes,14
launch facilities,14
launch operations,15
launch pads and bases,14
launch towers,14
launch vehicle aerodynamics,2
launch vehicle auxiliary systems,15
launch vehicle configurations,15
launch vehicle design,15
launch vehicle dynamics,15
launch vehicle maintenance,12
launch vehicle manufacturing,12
launch vehicle navigation,17
launch vehicle performance,15
launch vehicle preparation,15
launch vehicle production,12
launch vehicle simulators,14
launch vehicle stability,15
launch vehicle testing,15
launch vehicle trajectories,13
launch vehicles,15
launching dynamics,13
law,84
legal liability of commercial aviation,84
legal liability of general aviation,84
legal liability of manned space flight,84
legal liability of unmanned space flight,84
lens theory,74
lenses (optical properties),74
lenses (photographic),35
leptons,77
lexicography,82
library science,82
lidar,32
life detection,55
life prediction,38
life sciences,51
life support,54
life testing,38
lifting bodies,5
lifting body aerodynamics,2
light absorption,74
light emitting diodes (LED),33
light gas guns (launch facilities),14
light gas guns (operations),15
light reflection,74
light scattering,74
light transmission,74
"lighter-than-air craft (balloons, airships) aerodynamics",2
"lighter-than-air craft (balloons, airships) design",5
lightning discharge on aircraft,3
lightning,47
lightweight structural elements,39
lightweight structures,39
limnology,43
linear programming,66
liquefied gases,31
liquid crystals,76
liquid fuels,28
liquid hydrogen (propellants and fuels),28
liquid lasers,36
liquid optics,74
liquid oxygen (propellants and fuels),28
liquid petroleum gas (LPG),28
liquid propellant rocket engines,20
liquid propellants,28
liquid settling,34
liquid sloshing,34
lithergolic propellants,28
lithography (circuit fabrication),33
lithology,46
littoral regions,43
local area networks (LAN),62
Long Range Navigation System (LORAN),4
longitudinal control (aircraft),8
longitudinal control (spacecraft),18
longitudinal stability (aircraft),8
longitudinal stability (spacecraft),18
low pressure chemistry,25
low speed aerodynamics,2
low temperature effects (human),52
low temperature test facilities (aircraft),9
low temperature test facilities (space),14
low thrust engines,20
lower atmosphere studies,46
lubricants,27
lubrication,37
lubrication properties of nonmetallic materials,27
luminescence (atomic physics),72
luminescence (chemistry),25
luminescence (optics),74
lunar and planetary bases,14
lunar and planetary resource utilization,91
lunar and planetary resources,91
lunar eclipses,92
lunar evolution,91
lunar exploration,91
lunar facilities construction,14
lunar gravity simulators,14
lunar landers,18
lunar landing sites,91
lunar mapping,91
lunar orbiters,18
lunar photography,91
lunar regolith simulants,91
lunar roving vehicles,14
lunar samples,91
lunar structure,91
Mach meters,6
machine elements,37
machine learning,63
machine processes,37
machinery,37
machining,37
macrometeorology,47
macromolecular crystallography (space processing),29
Magellanic clouds,90
maglev vehicles,85
"magnetic field effects (biological, animal and plant)",51
magnetic field effects (human),52
magnetic field effects,55
magnetic sails,20
magnetism (extraterrestrial),90
magnetism,70
magnetism (terrestrial),46
magnetogasdynamics,75
magnetohydrodynamic (MHD) energy conversion device,44
magnetohydrodynamic (MHO) power sources,20
magnetohydrodynamic (MHO) thrusters,20
magnetohydrodynamics,75
magnetoplasmas,75
magnetosphere (Earth),46
"magnets (electrical, electronics application)",33
main propulsion system components (spacecraft),20
main propulsion systems (spacecraft),20
mainframes,60
maintainability (procedures and theory),38
maintenance (aircraft),1
maintenance facilities (aircraft),9
"maintenance facilities (space based, ground based)",14
maintenance (spacecraft),12
management,81
management planning,81
management research,81
management tools,81
maneuvering (aircraft),8
maneuvering (spacecraft),18
man-machine communications (aircraft),4
man-machine communications (spacecraft),17
man-machine communications (theory and techniques),32
man-machine systems,54
manned flights (space exploration),91
manned lunar exploration,91
manned maneuvering units,54
manned Mars missions,91
manned orbital laboratories,18
manned planetary exploration,91
manned space flight network,17
manned spacecraft,18
man-system interfaces,54
manuals (refer to appropriate category for manuals),82
manufacture of propellants,28
manufacturing processes,37
many-body problems,70
mapping,43
marine biology,48
marine resources,48
marketing predictions,83
marketing research,83
Markov processes,65
Mars exploration,91
martingales,65
masers,36
mass spectrometers,35
mass spectroscopy (application),25
mass transfer,34
mass transportation,85
materials fabrication,37
materials forming,37
materials (general),23
materials handling,37
materials manufacturing,37
materials processing in space,29
materials separation in space,29
mathematical analysis,64
mathematical logic,67
mathematical modeling (systems analysis),66
mathematical programming,66
mathematical sciences (general),59
mathematical theories,67
matrices,64
maximum likelihood estimation,65
measuring instruments,35
mechanical computers,60
mechanical drawing,82
mechanical engineering,37
mechanical equipment,37
mechanical properties (composite materials),24
mechanical properties of alloys,26
mechanical properties of metals,26
mechanical properties of nonmetallic materials,27
mechanical properties of propellants and fuels,28
mechanics (practical),37
mechanics (theory and analysis),70
memory devices (computer),60
mental adaptation to flight,53
mesh refinement (mathematics),64
mesons,77
metal based propellants and fuels,28
metal crystals,26
metal filament systems,24
metal forming,37
metal matrix composites (MMC),24
metallic fibers,26
metallic materials,26
metallography,26
metallurgy,26
metals,26
meteorite protection,18
meteorites,91
meteoroids (observation),89
meteoroids,91
meteorological anomalies,47
meteorological parameters,47
meteorological satellite studies,47
meteorological satellites,18
meteorological sounding rocket studies,47
meteorology,47
meteors (observation),89
meteors,91
metrication,31
metrology,31
MHD generators,75
microbiology,51
microbursts,47
microcircuits,33
microcomputers,60
microelectronics,33
microfiche techniques,82
micrography,82
"microgravity effects (biological, animal and plant)",51
microgravity effects (human),52
microgravity (space processing),29
micromachining,37
micrometeoroid sensors (instrumentation),35
micrometeoroid sensors (spacecraft),19
micrometeorology,47
microminiaturization,33
microscopes,35
microstructure of welded joints,26
microwave communications systems (aircraft),4
microwave communications systems (applications),32
microwave communications systems (spacecraft),17
microwave energy conversion devices,44
microwave energy transmission,44
microwave interaction with plasmas,75
Microwave Landing System (MLS),4
microwave radiation (properties),32
microwave receivers (aircraft),4
microwave receivers (spacecraft),17
microwave receivers (theory and techniques),32
microwave techniques,32
microwave theory,32
microwave transmitters (aircraft),4
microwave transmitters (spacecraft),17
microwave transmitters (theory and techniques),32
mineral deposits,43
minerals (petrology),42
minicomputers,60
minimax techniques,65
mirror interference (optics),74
mirror machine (plasma physics),75
missile aerodynamics,2
missiles (performance),8
mission planning (space),12
mixing of gases,34
mixing of liquids,34
mobile lunar laboratories,14
mobile planetary laboratories,14
mobile transporters,14
model order reduction (control theory),63
models (aircraft),5
models (spacecraft),18
modems,60
modulation (optics),74
modulation (signals),32
"modulators (electric, electronic devices)",33
molecular beams,72
molecular collision theory,72
molecular energy,72
molecular interactions,72
molecular physics,72
molecular properties,72
molecular spectra,72
molecular spectroscopy,72
molecular structure,72
momentum transfer (particle interactions),77
monopropellants,28
monsoons,47
Monte Carlo method,65
moons (characteristics and composition),91
moons (observation),89
Mossbauer effect,76
motion sickness,52
mounts (supports),37
multigrid methods,64
multimode sensors,35
multiphase flow,34
multiphase materials processing in space,29
multiprocessors (hardware),60
multispectral band scanners (remote sensing applications),43
multispectral sensors,35
multistage launch vehicles,15
multistage rockets,20
multivariable control,63
nanocomposites,24
nanodevices (electronic),33
nanodevices (mechanical),37
natural satellites (characteristics and composition),91
natural satellites (observation),89
nature of life,55
Navier-Stokes equations,34
navigation computer systems (aircraft),4
navigation computer systems (spacecraft),17
navigation display devices (aircraft),4
navigation display devices (design and development),19
navigation display devices (spacecraft),17
navigation instruments (design and development),6
navigation satellites,18
navigation system design (aircraft),4
navigation system design (spacecraft),17
navigation systems (aircraft),4
navigation systems (spacecraft),17
nebulae (astrophysics),90
nebulae (observation),89
network analysis,66
networks (circuitry),33
networks (communications),32
neural networks,63
neuroendocrinology,52
neutrinos,77
neutron properties,77
neutron sources,77
neutron spectra,77
nitrate based propellants and fuels,28
noctilucent clouds,46
noise abatement,45
noise attenuation,71
noise generation,71
noise measurement,71
noise pollution,45
noise propagation,71
noise reduction (aircraft engines),7
noise reduction (aircraft structures),5
noise reduction (general),71
noise reduction,5
nondestructive testing instruments,35
nondestructive testing,38
nonlinear optics,74
nonmetallic fibers,27
nonmetallic materials,27
nose cones,15
novae (astrophysics),90
novae (observation),89
nozzles (aircraft),7
nozzles (spacecraft),20
nuclear astrophysics,90
nuclear decay,73
nuclear engines (aircraft),7
nuclear engines (spacecraft application),20
nuclear engines (theory),73
nuclear fission,73
nuclear fuels,73
nuclear fusion (plasma physics),75
nuclear fusion (theory),73
nuclear magnetic resonance,73
nuclear particles,73
nuclear physics,73
nuclear power sources (spacecraft application),20
nuclear power sources (theory),73
nuclear propulsion systems (aircraft),7
nuclear propulsion systems (spacecraft application),20
nuclear propulsion systems (theory),73
nuclear reactions,73
nuclear reactor theory,73
nuclear reactors,73
nuclear research equipment,73
nuclear rocket engines,20
nuclear scattering,73
nuclear structure,73
nuclear test equipment,73
number theory,67
numerical analysis,64
numerical integration,64
object oriented programming,61
observation of celestial bodies,89
observation satellites,18
observatories,89
occultation (astronomy),89
ocean circulation,48
ocean color (remote sensing),43
ocean currents,48
ocean floor studies,48
ocean wave studies,48
oceanography,48
offgassing/outgassing (composite materials),24
offgassing/outgassing (metallic materials),26
offgassing/outgassing (nonmetallic materials),27
Omega navigation system,4
Omnidirectional Radio Range System (OMNI),4
onboard computer systems for aircraft,6
onboard computer systems for spacecraft,19
onboard instrument systems for spacecraft,19
onboard sensors and recorders for spacecraft,19
onboard solar arrays,20
onboard solar generators,20
operating systems (computers),61
operational effects of atmospheric variables,8
operations research,66
operator theory (mathematics),67
optical bistability,74
optical coatings,74
optical communication (space),17
optical communications (applications),32
optical communications (theory),74
optical fibers,74
optical imaging devices (design and techniques),35
optical imaging devices (theory),74
optical materials,74
optical measuring instruments (design and techniques),35
optical properties,74
"optical scanners (computer, peripheral equipment)",60
optical telescope facilities,89
optical telescopes,89
optical tracking stations,14
optical waveguides,74
optics,74
optimal control,63
optimization (mathematics),66
opto-acoustic electronics,33
optoelectronics (applications),33
optoelectronics (optics),74
orbit dynamics of spacecraft,13
orbital maneuvers (control),17
orbital maneuvers (trajectories),13
orbital rendezvous,13
orbiting maneuvering vehicles,16
orbit-on-demand vehicles,15
organic chemistry,25
organometallic materials,25
origin of life (extraterrestrial),55
origin of life (terrestrial),51
orography,43
orotrons,36
orthostatic tolerance,52
oscillators,33
oscilloscopes,35
osmosis (biological),51
osmosis (chemistry),25
outer Earth radiation belts,93
output devices (computers),60
overhaul facilities (aircraft),9
overhaul facilities (space),14
oxidizers,28
oxygen generation,52
oxygen systems (life support),54
ozone depletion (atmospheric physics),46
ozone depletion (pollution aspects),45
ozonesondes,35
packaging,37
packing (machine elements),37
packing (metallic materials),26
packing (nonmetallic materials),27
paints,27
panels (structures),39
paper,27
parachute aerodynamics,2
parachutes (personal and aircraft applications),3
parachutes (spacecraft applications),16
parallel processing (hardware),60
parallel processing,62
parametric amplifiers,36
parentology,67
particle physics,77
passenger air transport operations,3
passenger handling (air transportation),3
passenger handling (space transportation),16
passenger transportation (air),3
passenger transportation (space),16
passive communication satellites,18
passive satellite stabilization,18
"passive sensors, trackers, and references (aircraft)",4
"passive sensors, trackers, and references (spacecraft)",19
patching compounds,27
patent law,84
patent policy,84
pathology (human),52
pattern recognition,63
Payload Assist Module (PAM) assist,16
payload delivery (space transportation),16
payload handling (space transportation),16
payload operations and support,14
payload retrieval (space transportation),16
"perception (biological, human)",52
"perception (psychological, human)",53
personal computers,60
PERT (Program Evaluation and Review Technique),81
perturbation theory (mathematics),64
petrography,42
petroleum deposits,43
petrology,42
pharmaceutical preparation (space processing),29
pharmacology,52
phase equilibrium,26
phase shift keying (PSK),32
phased array radar,32
photochemistry,25
photoelasticity,39
photoelectric devices,33
photogrammetry,43
photographic processing equipment,35
photographic supplies,35
photography,35
photometry,35
photomultipliers,33
photon beams,74
photon interactions with atoms and molecules,72
photonics,74
photosphere (solar),92
phototheodolites,35
photovoltaic energy conversion devices,44
physical chemistry,25
physical oceanography,48
physical properties of alloys,26
physical properties of celestial bodies,90
physical properties of metals,26
physical properties of nonmetallic materials,27
physical properties of propellants and fuels,28
physics,70
physiological effects of flight (human),52
physiological factors (human),52
physiological monitoring devices (human),52
physiological monitoring devices (theory and techniques),35
physiology (human),52
phytoplankton concentration,48
piezoelectricity,76
pilot performance,53
pilot support systems (aircraft),6
piloting (spacecraft),18
pions,77
piston engine fuels,28
piston engines (aircraft),7
piston engines (non-aircraft),37
pitch control (aircraft),8
pitch control (spacecraft),18
pitch stability (aircraft),8
pitch stability (spacecraft),18
planet location,89
planetary atmospheres,91
planetary biology,55
planetary evolution,91
planetary exploration,91
planetary landers,18
planetary mapping,91
planetary motion,91
planetary orbiters,18
planetary photography,91
planetary probes,18
planetary roving vehicles,14
planetary samples,91
planetary satellites (characteristics and composition),91
planetary structure,91
planetology,91
plants,51
plasma conductivity,75
plasma diagnostics,75
plasma dynamics,75
plasma flow,75
plasma fusion,75
plasma oscillations,75
plasma physics,75
plasma physics research equipment,75
plasma pinch,75
plasma propulsion (spacecraft applications),20
plasma propulsion (theory),75
plasma seeding,75
plasma sheath,75
plasma spraying,37
plasma theory,75
plasma wakes (spacecraft),18
plasma waves,75
plasticity,39
plastics,27
plate tectonics,46
plates (structural elements),39
plating,37
plotters,60
plywoods,27
pneumatic systems (aircraft),5
pneumatic systems (aircraft propulsion and power),7
pneumatic systems (general),37
pneumatic systems (spacecraft),18
pneumatic systems (spacecraft propulsion and power),20
pneumatics,34
pointing systems,19
polarization (optics),74
polarography (application),25
political science,84
pollution control,45
pollution monitoring,45
polymer matrix composites,24
polymers,27
polymers (space processing),29
position indicators (aircraft),6
position indicators (spacecraft),19
position sensors,35
powder metallurgy,26
power amplifiers,33
power packs (electric),33
power plant instruments and gages (aircraft),6
power supplies electric),33
powered trajectories,13
powerlift technology,5
powertrains,37
precipitation (meteorology),47
precision time and time interval (PTTI),35
prediction analysis,65
pressure test facilities (aircraft),9
pressure test facilities (space),14
pressure transducers,35
pressure vessels,37
pressurization systems (aircraft),5
pressurization systems (spacecraft),18
pressurized cabins (life support),54
pressurized cabins (spacecraft),18
pressurized cabins,5
principal components analysis,65
printed circuits,33
probability density functions,65
probability,65
processors (hardware),60
production costs,83
production forecasts,83
program management,81
programmable logic devices,33
programming (computers),61
programming languages,61
project documentation,82
project management,81
projectile trajectories,13
propellant flow systems (spacecraft),20
propellant grains,28
"propellant injectors, pumps, and tanks (spacecraft)",20
propellant storage,28
propellants,28
propeller aerodynamics,2
"propellers (tractor, pusher, contrarotating, propfan)",7
"propulsion effects on launching, trajectories, and orbits",13
propulsion system components (aircraft),7
propulsion system components (spacecraft),20
propulsion system instruments and gages (aircraft),6
propulsion system instruments and gages (spacecraft),19
propulsion systems (aircraft),7
propulsion systems (spacecraft),20
protection measures (human),54
protection of alloys,26
protection of materials (metallic),26
protection of materials (nonmetallic),27
protective clothing,54
protective coatings (metallic materials),26
protective coatings (nonmetallic),27
protobiological evolution,55
protocol checking,61
proton beams (nuclear interactions),73
psychological effects of flight,53
psychological factors,53
public nuisance implications,3
pulsars (astrophysics),90
pulsars (observation),89
pulse detonation engines,7
pulsed plasma thrusters,20
pulsejet engines,7
pumps (aircraft engines and fuel systems),7
pumps (non-aircraft),37
pumps (spacecraft),20
pyrolysis,25
pyrotechnics,28
quality assurance,38
quality control,38
quantum chromodynamics (QCD),77
quantum electrodynamics (QED),77
quantum generators,36
quantum mechanics,77
quarantine (animal and plant),51
quarantine (human),52
quarantine procedures,54
quarks,77
quasars (astrophysics),90
quasars (observation),89
queueing theory,66
quiet engines (aircraft),7
radar absorbing materials,32
radar antenna design,32
radar antennas (theory and techniques),32
radar clutter,32
radar communications systems (aircraft),4
radar communications systems (spacecraft),17
radar communications systems (theory and techniques),32
radar detection (aircraft navigation),4
radar detection (communications),32
radar detection (earth resources),43
radar detection (spacecraft navigation),17
radar imagery (aircraft navigation),4
radar imagery (communications),32
radar imagery (remote sensing),43
radar imagery (spacecraft navigation),17
radar receivers (theory and techniques),32
radar scattering,32
radar telescope and range finder facilities,89
radar telescopes,89
radar (theory and techniques),32
radar tracking systems (aircraft),4
radar tracking systems (spacecraft),17
radar tracking systems (theory and techniques),32
radar transmitters (theory and techniques),32
radiation absorption by atoms,72
radiation belts,93
radiation chemistry,25
"radiation effects (biological, animal and plant)",51
radiation effects (human),52
radiation effects in semiconductors,76
radiation effects on spacecraft and components,18
radiation instruments,35
radiation safety measures (physiological),54
radiative forcing (climate effects),47
radiative forcing (pollution aspects),45
radiative transfer,34
radiators (aerospace applications),34
radio antenna design,32
radio antennas (theory and techniques),32
radio astronomy,89
radio blackout (loss of communications),17
radio communication systems (theory and techniques),32
radio communications system (aircraft),4
radio communications systems (spacecraft),17
radio telescope facilities,89
radio telescopes,89
radio (theory and techniques),32
radioactive contamination,45
radiobiography (human),52
radiography,35
radiography (quality control),38
radioisotopes,73
radomes (design),32
radomes (electrical properties),33
radomes (nonmetallic materials),27
"rail accelerators, railguns, launchers (applications)",14
"rail accelerators, railguns, launchers (theory)",33
rain,47
ramjet engines (aircraft),7
random access memories,60
random sampling,65
range and angle measurement (aircraft),4
range and angle measurement (spacecraft),17
range safety,14
rapid transit systems,85
rate of climb indicators,6
Rayleigh-Ritz method,64
reaction control systems (spacecraft),18
reaction wheels,37
reactor radiation safety measures (space applications),73
reactor theory,73
read-only memories,60
reciprocating engines (aircraft),7
reciprocating engines (non-aircraft),37
reconfigurable hardware,33
recording devices (aircraft),6
recording devices,35
recording devices (spacecraft),19
recovery equipment and vehicles,14
recovery of spacecraft,16
rectifiers,33
"reduced gravity effects (biological, animal and plant)",51
reduced gravity effects (materials),29
"reduced gravity effects (physiological, human)",52
redundancy systems,38
reentry dynamics,13
reentry launch vehicles,15
reentry trajectories,13
reentry vehicle aerodynamics,2
refraction (optics),74
refractory materials,26
refrigeration,37
refueling in orbit,20
regression analysis,65
"regulators (voltage, current)",33
reinforcing fibers (composite materials),24
reinforcing filaments (metallic materials),26
reinforcing filaments (nonmetallic),27
reliability criteria,38
reliability (procedures and theory),38
remote exploration of planets,91
remote input equipment,60
remote launch monitoring facilities,14
remote manipulator arms (human interface),54
remote manipulator arms (robotics),63
remote readout equipment,60
remote sensing of earth resources,43
remote sensors,35
remote terminals,60
remotely piloted vehicles (RPV),5
rendezvous guidance,17
repair facilities (aircraft),9
"repair facilities (space based, ground based)",14
reproduction of extraterrestrial life,55
reprography,82
research facilities (aircraft),9
research facilities (space),14
research management,81
research on metallic materials,26
research on nonmetallic materials,27
research planning,81
residential pollution,45
resistojet rocket engines,20
resistors,33
restraint harness (aircraft),3
restraint harness (spacecraft),16
retrorockets,20
reusable vehicles,15
rheology,34
riblets (aerodynamics),2
Riemann surfaces,67
rings (structures),39
riveted joints,39
robot control,63
robot dynamics,63
robot sensors,63
robot vision,63
robotics (hardware),37
robotics,63
rocket aerodynamics,2
rocket engine design,20
rocket engine exhaust plumes,20
rocket engine noise,20
rocket engine test pads,14
rocket engines (aircraft),7
rocket engines (spacecraft),20
rocket launchers,15
rocket propellants,28
rocket sleds,14
rocket test facilities,14
rocket throttling systems,20
rocket/balloon geophysical studies,46
rockets,15
Rogallo wing aerodynamics,2
roll control (aircraft),8
roll control (spacecraft),18
roll stability (aircraft),8
roll stability (spacecraft),18
rollers,37
rotary engines (aircraft),7
rotary engines (non-aircraft),37
rotary wing aircraft aerodynamics,2
rotor aerodynamics,2
rover vehicles,14
rubber,27
Runge-Kutta method,64
runway approach lighting and markers,9
runway construction,9
runway lighting,9
runway safety,3
runway surfaces and grooving,9
runways,9
safety procedures (engineering),31
safety systems (aircraft),3
safety systems (spacecraft),16
sailplane aerodynamics,2
salinity (oceanography),48
sampling techniques (quality control),38
sampling techniques (statistics),65
sandwich structures,39
satellite communications (earth communications),32
satellite constellations,18
satellite derived atmospheric profiles,43
satellite launching dynamics,15
satellite networks (earth communications),32
satellite observation (remote sensing applications),43
satellite stabilization,18
"satellites for air, land, or sea navigation",18
"satellites for air, land, or sea traffic control",18
scatterometers (design and techniques),35
scatterometers (remote sensing applications),43
scene analysis (robotics),63
Schlieren optics,74
scientific satellites,18
scramjet engines (aircraft),7
sea ice,48
sea navigation (aircraft related),4
sea water,48
sealants (metallic materials),26
sealants (nonmetallic materials),27
seals (stoppers),37
search and rescue operations (air),3
search and rescue operations (communications),17
search and rescue operations (space),16
search and rescue satellites,18
SEASAT (configurations),18
SEASAT (remote sensing applications),43
seasonal variations,47
seat belts (aircraft),3
sediments (oceanography),48
seismology,46
selenography,91
selenology,91
self assembling structures,39
self-repairing computer systems,62
semiconductor devices,33
semiconductor lasers,36
semiconductor materials,76
sensors for aircraft equipment and operation,6
sensors for spacecraft equipment,19
sensors,35
"sensory deprivation (physiological effects, human)",52
"sensory deprivation (psychological effects, human)",53
sensory organs (human),52
separation and staging techniques (for stages of launch vehicles),15
separation and staging techniques (spacecraft),18
separations chemistry,23
service life of propellants and fuels,28
service life,38
service oriented architecture (SOA),61
servomechanisms (electrical aspects),33
servomechanisms (mechanical aspects),37
set theory,67
severe storms (aircraft safety),3
sewage disposal,85
shafts (machine elements),37
shear flow,34
shear loads,39
shear strength (composite materials),24
shear strength (metallic materials),26
shear strength (structures),39
shear thinning,34
sheer strength (nonmetallic materials),27
shells (structures),39
shock testing (quality control),38
shock testing (structural analysis),39
shock tube instruments,35
shock tubes and tunnels,9
shock waves,34
short pulsed lasers,36
shoulder harness (aircraft),3
shoulder harness (spacecraft),16
Shuttle Imaging Radar (earth resources),43
Shuttle Imaging radar (theory and techniques),17
shuttlecraft landing facilities,14
side looking radar (earth resources),43
side looking radar (theory and techniques),32
signal analyzers,32
signal decoding,32
signal detection,32
signal encoding,32
signal generators (applications),33
signal generators (theory and techniques),32
signal modulators,32
signal processing,32
signature analysis (earth resources),43
silicon cells (applications),44
silicon cells (electrical properties),33
silicon materials,27
simulators (aircraft),9
simulators (space),14
single event transients,33
single event upsets,33
single-stage launch vehicles,15
sintering (metallic materials),26
skin friction,34
skin temperature indicators (aircraft),6
skin temperature indicators (spacecraft),19
sleep apnea,52
"sleep deprivation (physiological effects, human)",52
"sleep deprivation (psychological effects, human)",53
sneak circuit analysis,33
snow and ice observations,43
snow cover,47
snow,47
social interaction,53
social sciences,80
sociological research (humanities),80
"sociological research (psychology, human)",53
sodar detection (remote sensing),43
sodar (theory and techniques),71
software debugging,61
software engineering,61
software reuse,61
soil identification,43
soil mechanics,46
soil pollution,45
soil sampling and analysis (extraterrestrial life),55
soil sampling and analysis (planetology),91
soil sampling,46
solar activity,92
solar atmosphere,92
solar cells (electrical design),33
solar cells (energy conversion),44
solar constants,92
solar corona,92
solar cycles,92
solar density,92
solar eclipses,92
solar electric ion propulsion,20
solar electric propulsion,20
solar flares,92
solar generators,44
solar heating simulators,14
solar heating (space applications),44
solar magnetic field,92
solar mass,92
solar panels (energy conversion),44
solar physics,92
solar power (space applications),44
solar radiation,92
solar radio emissions,92
solar sails,20
solar simulators,14
solar spectra,92
solar state circuitry,33
solar structure,92
solar system bodies,91
solar system evolution,90
solar wind,92
solar-atmosphere interactions,46
solar-atmospheric interactions,47
solid propellant curing,28
solid propellant rocket engines,20
solid propellants,28
solid state devices,33
solid state lasers,36
solid state physics,76
solidification (solid state),76
solitary waves,70
solvents,27
sonic boom (aerodynamically generated),2
sonic boom (noise pollution),45
sonic boom (theory),71
sound absorption,71
sound attenuation,71
sound generation in ducts,71
sound generation,71
sound propagation,71
sound transmission,71
sounding rockets,15
"space adaptation (physiological, human)",52
"space adaptation (psychological effects, human)",53
space based data acquisition stations,17
space based data acquisition systems,17
space based equipment for space processing,29
space based maintenance and servicing;,12
space biology,55
space cabin atmosphere,54
space cabin atmosphere sensors,19
space cabin oxygen supplies,54
space cabin water supplies,54
space colonies,12
space colonization,12
space commercialization (legal aspects),84
space commercialization (management),81
space commercialization (space processing),29
space communications networks,17
space communications,17
space debris (spaceflight hazard),16
"space environment effects (biological, animal and plant)",51
"space environment effects (physiological, human)",52
space exploration (mission planning),12
space facility for cryogenic materials,14
space flight commercialization,16
space flight communication techniques and theory,17
space flight dynamics (performance and testing),18
space flight dynamics (theory),13
"space flight effects (physiological, human)",52
"space flight effects (psychological, human)",53
space flight feeding,54
space flight hazards,16
space flight navigation techniques and theory,17
space geodesy,46
space habitats,54
space hygiene,54
space laboratories,18
space law,84
space manufacturing and assembly,12
space navigation,17
space operation emergencies,16
space plasmas,90
space platforms,18
space policy,84
space power reactors (application),20
space probes,18
space processing of materials,29
space programs,12
space radiation,93
space rescue,16
space research facilities,14
space sanitation,54
space sciences (general),88
space shuttle operations,16
space simulators,14
space station assembly,12
space station control,18
space station design,18
Space Station Information System,82
space station maintenance,12
space stations,18
space storable propellants,28
space suits,54
space technology applications to urban problems,85
Space Tracking and Data Acquisition Network (STADAN),17
space transportation economics,83
space transportation,16
space vacuum simulators,14
space vehicle maintenance,12
space vehicle manufacturing,12
space vehicle production,12
space weather,46
spaceborne astronomy,89
spaceborne computers,60
spacecraft aerodynamics,2
spacecraft antennas,18
spacecraft auxiliary power sources,20
spacecraft cabins,18
spacecraft charging,18
spacecraft command,17
spacecraft communications,17
spacecraft components,18
spacecraft control (communications),17
spacecraft control computer systems,19
spacecraft control (design and performance),18
spacecraft design,18
spacecraft ditching,16
spacecraft engine design,20
spacecraft environmental control,18
spacecraft external contamination,18
spacecraft flight simulation,18
spacecraft flight tests,18
spacecraft health management,16
spacecraft hydraulic systems (power),20
spacecraft instruments,19
spacecraft maintenance facilities,14
spacecraft maintenance,12
spacecraft manufacturing,12
spacecraft navigation,17
spacecraft orbits,13
spacecraft performance,18
spacecraft pneumatic systems (power),20
spacecraft power systems,20
spacecraft production facilities,14
spacecraft production,12
spacecraft propulsion,20
spacecraft retrieval,16
spacecraft simulation,18
spacecraft simulators,14
spacecraft sterilization (interior),54
spacecraft structures,18
spacecraft systems monitoring instruments,19
spacecraft systems,18
spacecraft testing,18
spacecraft thermal control,18
spacecraft tracking,17
spacecraft trajectories,13
spacecraft vehicle booster engines,20
spacelab (design and testing),18
spaceport planning,14
spaceports,14
space-power reactors (theory),73
spark ignition engines (aircraft),7
spark ignition engines (non-aircraft),37
"special vehicles (land, sea, air)",14
spectral analysis instruments,35
spectral methods (mathematics),64
spectrometers,35
spectrophotometers,35
spectrophotometry (application),25
spectroscopes,35
spectroscopic analysis (chemistry),23
spectroscopic chemical analysis (application),25
spectroscopy (astronomy),89
speech analysis (aircraft voice communication),4
speech analysis (electromagnetic aspects),32
speech analysis (spacecraft voice communications),17
speech compression (aircraft voice communication),4
speech compression (spacecraft voice communications),17
speech data compression (communications),32
speech recognition,63
spin recovery,8
spline functions,64
spontaneous generation of life,55
sprays,34
springs (mechanical),37
stability (aircraft),8
stability augmentation (aircraft),8
stability augmentation (spacecraft),18
stability derivatives (aircraft),8
stability derivatives (spacecraft),18
stability (spacecraft),18
stabilization surfaces (aerodynamics),2
stabilization surfaces (aircraft),8
stabilization surfaces (spacecraft),18
stacking sequence (composite materials),24
stall indicators,6
standard model (particle physics),77
star trackers (navigation),19
star trackers (observation),89
stars (astrophysics),90
stars (observation),89
static stability (aircraft),8
static stability (spacecraft),18
station keeping,17
statistical physics,77
statistical techniques,65
statistics,65
stellar evolution,90
stellar luminosity,90
stellar magnetic fields,90
stellar mass accretion,90
stellar physics,90
stellar radiation,93
stellar spectroscopy,89
stellar systems,90
stellarators,75
Stirling cycle engines (aircraft),7
Stirling cycle engines (non-aircraft),37
stochastic processes,65
STOL aerodynamics,2
storage facilities for propellants and cryogenics,14
storage of propellants and fuels,28
storm cells,47
strain gags,35
stratosphere,46
stratospheric circulation,46
stratospheric pollution,45
stress analysis,39
stress corrosion cracking,26
"stress effects of atmospheric flight (physiological, human)",52
"stress effects of space flight (physiological, human)",52
"stress (physiological effects, human)",52
"stress (psychological effects, human)",53
stress (structural),39
string theory,77
strong interactions (field theory),77
structural analysis,39
structural design,39
structural elements,39
structural fatigue,39
structural health monitoring,39
structural mechanics,39
structural testing,39
structural theory,39
structural vibration effects,39
structures test facilities (aircraft),9
structures test facilities (space),14
subsonic aerodynamics,2
sun,92
sunspots,92
superchargers (aircraft engines),7
supercomputers,60
superconducting materials,76
superconductivity (applications),33
superconductivity (theory),76
supercritical airfoils,2
supercritical wings,2
supergravity,77
supernovae (astrophysics),90
supernovae (observation),89
supersonic aerodynamics,2
superstring theory,77
supersymmetry,77
support facilities (aircraft),9
support facilities,14
support vector machines,63
surface acoustic wave devices (theory),71
surface exploration vehicles,14
surface hardening of metals,26
surface properties (composite materials),24
surface properties (metallic materials),26
surface properties (nonmetallic materials),27
surface transportation,85
surface wave acoustic devices (electronic design),33
survival (aircraft operations),3
survival (space operations),16
swash zone (oceanography),48
swingby maneuver,13
switches,33
switching circuits,33
switching theory,33
symmetry breaking,77
synchronous satellites,18
synoptic meteorology,47
synthetic aperture radar,32
systems analysis,66
systems for adverse weather avoidance,4
systems for collision avoidance,4
systems for energy conversion (spacecraft),20
TACAN,4
tail surfaces,5
tape recorders,35
target acquisition,6
target-signature modeling (aircraft),6
target-signature modeling (spacecraft),17
TAV (transatmospheric vehicles) (aircraft),5
taxiing (aircraft),3
technical writing,82
technology transfer,85
technology utilization,85
tectonics,46
tektites,91
telemedicine,51
telemetry (aircraft applications),4
telemetry devices (aircraft),6
telemetry devices (spacecraft),19
telemetry (spacecraft applications),17
telemetry (theory and techniques),32
teleoperators (human interface),54
teleoperators (robotics),63
telerobotics,63
telescopes (operation),89
telescopes (optical properties),74
television systems (aerospace applications),32
"temperature effects (biological, animal and plant)",51
temperature effects (human),52
temperature measuring instruments,35
temperature test facilities (aircraft),9
temperature test facilities (space),14
temperature variations (meteorology),47
temperature variations (oceanography),48
temperature-pressure phenomena,34
tensile strength (composite materials),24
tensile strength (metallic materials),26
tensile strength (nonmetallic materials),27
tensile strength (structures),39
tension loads,39
terrain avoidance systems,4
terrain clearance indicators,6
terrain following,4
terrestrial planets,91
test equipment (electrical properties),33
test facilities (aircraft),9
test facilities (space),14
test facility instruments,35
test range facilities,14
test ranges,14
testing of alloys,26
testing of materials (composite materials),24
testing of materials (metallic materials),26
testing of materials (nonmetallic),27
testing of propellants and fuels,28
tethered satellite systems,18
textiles,27
thematic mapping,43
theoretical mathematics,67
theoretical physics,77
theories of atomic physics,72
theories of molecular physics,72
theory of relativity,77
thermal characteristics,28
thermal pollution,45
thermal protection sensors,19
thermal protection systems (spacecraft),18
thermal radiation,34
thermal stress,39
thermionic energy conversion devices,44
thermochemistry,25
thermoclines (oceanography),48
thermocouples (design and techniques),35
thermodynamic cycles,34
thermodynamic properties,34
thermodynamics,34
thermoelasticity (structural materials),39
thermoelectric materials,76
thermoelectricity,44
"thin films (theory, deposition and growth)",76
thixotropic propellants,28
throttle controls (aircraft),7
throttle controls (non-aircraft),37
thrust chambers (rocket engines),20
thrust reverser controls,7
thrust reversers (aircraft engines),7
thrust vector control devices (spacecraft),20
thunderstorms,47
thyratrons,33
tilt rotor aircraft,5
timber inventory,43
time measurement equipment,35
time series analysis,65
tires (aircraft),5
tokamak devices,75
tomography (design and techniques),35
tomography (medical applications),52
tomography (optics),74
tools,37
tornadoes,47
toxicology (human),52
tracking and communications installations (aircraft),9
tracking and communications installations (spacecraft),17
tracking and data relay satellites,18
tracking networks,17
tracking stations,17
trajectory analysis,13
trajectory optimization,13
transatmospheric vehicles (TAV) (aircraft),5
transducers (applications),35
transducers,33
transfer of responsibility (space applications),84
transformers,33
transistors,33
transition flight,5
transitional flow (aerodynamics),2
transitional flow (general),34
trans-lunar space environment,91
transmission lines,33
transmitters (theory and techniques),32
transonic aerodynamics,2
transpiration cooling,34
transportation funding forecasts (aerospace),83
transportation pollution,45
traveling wave tubes,33
treaties,84
tribology,37
triodes,33
tropospheric scatter (aircraft communications/navigation disruption),4
tropospheric scatter (electromagnetic effects),32
trusses,39
tunable lasers,36
tunnel diodes,33
turbine blade cooling,7
turbine blade vibration,7
turbine engines (non-aircraft),37
turbines (aircraft engines),7
turbofan engines,7
turboprop engines,7
turborocket engines (aircraft),7
turborocket engines (spacecraft),20
turbulence models,34
turbulent flow (aerodynamics),2
turbulent flow (general),34
turn and bank indicators,6
two-and three-body problems (trajectory analysis),13
two-gas sensors (general),35
two-gas sensors (spacecraft),19
typhoons,47
ultralight aircraft (aerodynamics),2
ultrasonic applications,71
ultrasonic testing equipment,35
ultrasonic testing (quality control),38
ultrasonic theory,71
ultraviolet astronomy,89
ultraviolet radiation (optics),74
ultraviolet radiation (space),93
umbilical towers,14
underwater acoustics,71
unfoldable structures (spacecraft),18
unified field theory,77
universe,90
unmanned aircraft systems (design and testing),5
unmanned flights (space exploration),91
unmanned lunar exploration,91
unmanned planetary exploration,91
unsteady flow (aerodynamics),2
unsteady flow (general),34
upper atmosphere studies,46
urban technology,85
urban transportation,85
vacuum arc melting,26
vacuum chemistry,25
vacuum forming,37
vacuum technology,31
vacuum test facilities,14
vacuum tubes,33
valves,37
Van Allen belts,93
vaporization of propellants and fuels,28
variational methods,64
vector control engines (spacecraft),20
vernier engines (spacecraft),20
very high frequency omnirange (VOR) navigation,4
very large scale integration (VLSI),33
very long base interferometry (applications),43
very long baseline interferometry (geophysics applications),46
vestibular effects (human),52
VHSIC,33
vibration (aircraft),8
vibration (spacecraft),18
vibration (structures),39
vibration testing,39
vidicon cameras,35
Viking space probe,18
virtual reality,63
viscoelasticity (structural materials),39
viscous flow,34
visual acuity,52
voice command for aircraft,8
voice communications,32
voice communications systems (aircraft),4
voice communications systems (spacecraft),17
volcanoes,46
vortices (general),34
VSTOL aerodynamics,2
VTOL aerodynamics,2
wakes (effects of turbulent flow behind aircraft),2
warning lights (spacecraft),19
warning systems (aircraft),6
waste products conversion (aerospace vehicles),54
waste products conversion (urban technology),85
waste products disposal (aerospace vehicles),54
waste products disposal (urban technology),85
waste products storage (aerospace vehicles),54
waste treatment (development and technology),85
waste treatment (pollution control),45
water pollution,45
water resources,43
water treatment (development and technology),85
water treatment (pollution control),45
wave phenomena (oceanography),48
wave propagation (acoustic),71
wave propagation (aircraft communications effects),4
wave propagation (electromagnetic),32
wave propagation (optics),74
wave propagation (spacecraft communications effect),17
wave propagation (structural response),39
waveguides,33
weak interactions (field theory),77
weather forecasting,47
weather modification,47
weather satellites,18
web services,61
weight analysis,39
"weightlessness effects (biological, animal and plant)",51
"weightlessness effects (physiological, human)",52
"weightlessness effects (psychological, human)",53
Weilbull distributions,65
weld strength,39
welded joints (microstructure),26
welded structures,39
welding techniques,37
wheels (aircraft),5
whisker composites,24
whiskers (composite materials),24
whiskers (metallic materials),26
whiskers (nonmetallic materials),27
whistlers (electromagnetic),32
whistlers (plasma physics),75
whistlers (upper atmosphere),46
wide area networks (WAN),62
wind,47
wind shear,47
wind tunnel instruments,35
wind tunnel test facilities (aircraft),9
wind tunnel test facilities (launch and space vehicles),14
wind tunnel tests (aerodynamics),2
wind tunnel tests (aircraft and components),5
wind tunnel tests (launch and space vehicles),14
wind tunnel tests (propulsion systems),7
wind tunnel tests (spacecraft),18
wind tunnel tests (stability and control),8
windpower,44
wing aerodynamics,2
wing rock,8
wing-body combinations (aircraft design),5
wing-body combinations (stability and control),8
wing-nacelle combinations (aircraft design),5
wing-nacelle combinations (stability and control),8
wings,5
woods,27
work place design,54
woven composites,24
x-ray astronomy,89
x-ray optics,74
x-ray radiation (space),93
x-ray radiation (theory),73
x-ray telescopes,89
yaw control (aircraft),8
yaw control (spacecraft),18
yaw stability (aircraft),8
yaw stability (spacecraft),18
"zero gravity effects (biological, animal and plant)",51
"zero gravity effects (physiological, human)",52
zodiacal light,89
